PlanetName,Method,Year,Facility,OrbitPeriod,PlanetRadius,PlanetMass
WASP-1 b,Transit,2007,SuperWASP,2.51995,21.633,282.8687
WASP-1 b,Transit,2007,SuperWASP,2.519961,16.634,273.3338
WASP-1 b,Transit,2007,SuperWASP,2.5199464,16.735,311.4734
WASP-1 b,Transit,2007,SuperWASP,2.5199449,16.97,292
WASP-1 b,Transit,2007,SuperWASP,2.5199454,16.623,271.415
WASP-1 b,Transit,2007,SuperWASP,2.519961,16.97,291.76794
WASP-1 b,Transit,2007,SuperWASP,2.5199448,16.97,301.30284
WASP-1 b,Transit,2007,SuperWASP,2.51994529,16.242,268.88418
WASP-10 b,Transit,2008,SuperWASP,3.0927616,12.106,1001.12
WASP-10 b,Transit,2008,SuperWASP,3.0927636,14.348,940.7768
WASP-10 b,Transit,2008,SuperWASP,3.09272932,11.96,1020.2343
WASP-10 b,Transit,2008,SuperWASP,3.1,12.3,1017
WASP-10 b,Transit,2008,SuperWASP,3.0927616,11.96,1004.3428
WASP-100 b,Transit,2014,SuperWASP,2.849375,18.943,645.1949
WASP-100 b,Transit,2014,SuperWASP,2.849375,18.94,645.17
WASP-100 b,Transit,2014,SuperWASP,2.849375,18.943,638.8383
WASP-100 b,Transit,2014,SuperWASP,2.84938,14.908,400.4658
WASP-101 b,Transit,2014,SuperWASP,3.585722,15.805,157.96151
WASP-101 b,Transit,2014,SuperWASP,3.585722,15.8,158.91
WASP-101 b,Transit,2014,SuperWASP,3.58572,16.029,162.0933
WASP-103 b,Transit,2014,SuperWASP,0.925542,17.127,473.5667
WASP-103 b,Transit,2014,SuperWASP,0.925542,17.127,473.547
WASP-103 b,Transit,2014,SuperWASP,0.9255456,17.127,462.44265
WASP-104 b,Transit,2014,SuperWASP,1.7554137,12.745,404.263
WASP-104 b,Transit,2014,SuperWASP,1.7554137,12.745,403.00844
WASP-106 b,Transit,2014,SuperWASP,9.289715,12.162,606.73747
WASP-106 b,Transit,2014,SuperWASP,9.28971,11.433,514.8846
WASP-106 b,Transit,2014,SuperWASP,9.289715,12.162,611.797
WASP-11 b,Transit,2008,SuperWASP,3.72247,12.442,251.0857
WASP-11 b,Transit,2008,SuperWASP,3.722465,10.2,168.4499
WASP-11 b,Transit,2008,SuperWASP,3.72247967,11.097,156.37236
WASP-11 b,Transit,2008,SuperWASP,3.7224747,11.265,154.777
WASP-11 b,Transit,2008,SuperWASP,3.7224793,11.097,169.08556
WASP-117 b,Transit,2014,SuperWASP,10.02165,11.444,87.5585
WASP-117 b,Transit,2014,SuperWASP,10.02165,11.882,95.349
WASP-117 b,Transit,2014,SuperWASP,10.02165,11.444,87.75286
WASP-118 b,Transit,2016,SuperWASP,4.0460407,15.625,165.2716
WASP-118 b,Transit,2016,SuperWASP,4.0460435,16.141,163.36462
WASP-12 b,Transit,2008,SuperWASP,1.09142,21.712,465.62095
WASP-12 b,Transit,2008,SuperWASP,1.091423,20.1,448
WASP-12 b,Transit,2008,SuperWASP,1.09142245,20.4,416.3573
WASP-12 b,Transit,2008,SuperWASP,1.0914222,20.456,454.4969
WASP-12 b,Transit,2008,SuperWASP,1.0914203,21.297,467.2101
WASP-12 b,Transit,2008,SuperWASP,1.0914209,20.456,441.7837
WASP-12 b,Transit,2008,SuperWASP,1.09142119,20.849,638.8383
WASP-12 b,Transit,2008,SuperWASP,1.09,19.392,444.962
WASP-12 b,Transit,2008,SuperWASP,1.0914199,20.389,448.1403
WASP-120 b,Transit,2016,SuperWASP,3.6112706,16.511,1541.4755
WASP-121 b,Transit,2016,SuperWASP,1.2749255,20.905,375.99289
WASP-123 b,Transit,2016,SuperWASP,2.9776412,14.773,285.72917
WASP-127 b,Transit,2016,SuperWASP,4.178062,15.356,57.2094
WASP-13 b,Transit,2009,SuperWASP,4.353011,15.569,151.599
WASP-13 b,Transit,2009,SuperWASP,4.3530135,15.771,158.915
WASP-13 b,Transit,2009,SuperWASP,4.353011,17.127,166.86075
WASP-13 b,Transit,2009,SuperWASP,4.353011,17.127,162.72896
WASP-13 b,Transit,2009,SuperWASP,4.35301,13.675,114.4188
WASP-135 b,Transit,2015,SuperWASP,1.4013794,14.572,603.877
WASP-136 b,Transit,2016,SuperWASP,5.215357,15.468,479.9233
WASP-138 b,Transit,2016,SuperWASP,3.634433,12.218,387.7526
WASP-14 b,Transit,2008,SuperWASP,2.24376524,13.686,2466.3608
WASP-14 b,Transit,2008,SuperWASP,2.2437661,18.304,2510.857
WASP-14 b,Transit,2008,SuperWASP,2.2437655,13.899,2412.3297
WASP-14 b,Transit,2008,SuperWASP,2.2437661,14.359,2294.7326
WASP-14 b,Transit,2008,SuperWASP,2.243752,14.36,2333
WASP-14 b,Transit,2008,SuperWASP,2.24375,15.468,2809.6172
WASP-15 b,Transit,2009,SuperWASP,3.7521,15.805,171.6282
WASP-15 b,Transit,2009,SuperWASP,3.75209748,15.782,188.15536
WASP-15 b,Transit,2009,SuperWASP,3.7521,15.457,175.12433
WASP-15 b,Transit,2009,SuperWASP,3.75209748,16.006,172.26386
WASP-15 b,Transit,2009,SuperWASP,3.7520656,16.01,172
WASP-153 b,Transit,2017,SuperWASP,3.332609,17.374,123.9537
WASP-156 b,Transit,2017,SuperWASP,3.836169,5.717,40.68224
WASP-157 b,Transit,2016,SuperWASP,3.9516205,11.938,182.43442
WASP-16 b,Transit,2009,SuperWASP,3.1186068,11.299,288.58964
WASP-16 b,Transit,2009,SuperWASP,3.1186068,13.653,264.43456
WASP-16 b,Transit,2009,SuperWASP,3.1186009,11.3,272
WASP-16 b,Transit,2009,SuperWASP,3.1186,13.675,394.1092
WASP-17 b,Transit,2009,SuperWASP,3.73,21.185,162.0933
WASP-17 b,Transit,2009,SuperWASP,3.735433,22.261,143.97699
WASP-17 b,Transit,2009,SuperWASP,3.735438,22.317,154.46538
WASP-17 b,Transit,2009,SuperWASP,3.73543,20.961,247.9074
WASP-17 b,Transit,2009,SuperWASP,3.7354845,22.317,162.72896
WASP-17 b,Transit,2009,SuperWASP,3.7354845,21.656,151.60491
WASP-17 b,Transit,2009,SuperWASP,3.735438,19.582,154.46538
WASP-17 b,Transit,2009,SuperWASP,3.7354417,19.5,156
WASP-177 b,Transit,2019,SuperWASP,3.071722,17.71,161.45764
WASP-18 b,Transit,2009,SuperWASP,0.94145181,13.036,3299.0754
WASP-18 b,Transit,2009,SuperWASP,0.9414523,12.397,3241.866
WASP-18 b,Transit,2009,SuperWASP,0.9414526,13.35,3305.432
WASP-18 b,Transit,2009,SuperWASP,0.94145,13.451,3635.9752
WASP-18 b,Transit,2009,SuperWASP,0.9,14.6,3241.7
WASP-18 b,Transit,2009,SuperWASP,0.9414529,14.202,3213.2613
WASP-18 b,Transit,2009,SuperWASP,0.94145181,12.98,3270.4707
WASP-18 b,Transit,2009,SuperWASP,0.94145299,13.059,3314.83
WASP-180 A b,Transit,2019,SuperWASP,3.409264,13.899,286.047
WASP-181 b,Transit,2019,SuperWASP,4.5195064,13.271,95.03117
WASP-183 b,Transit,2019,SuperWASP,4.1117771,16.477,159.55066
WASP-19 b,Transit,2009,SuperWASP,0.7888396,14.684,367.72931
WASP-19 b,Transit,2009,SuperWASP,0.78884,15.536,371.21
WASP-19 b,Transit,2009,SuperWASP,0.79,15.805,362.3262
WASP-19 b,Transit,2009,SuperWASP,0.78883899,15.603,339.76027
WASP-19 b,Transit,2009,SuperWASP,0.788839,15.424,370.27195
WASP-19 b,Transit,2009,SuperWASP,0.78883942,15.637,354.06262
WASP-2 b,Transit,2007,SuperWASP,2.1522254,12.072,275.24078
WASP-2 b,Transit,2007,SuperWASP,2.152175,12.117,295.89973
WASP-2 b,Transit,2007,SuperWASP,2.152226,10.705,279.68
WASP-2 b,Transit,2007,SuperWASP,2.15222144,11.915,279.6904
WASP-2 b,Transit,2007,SuperWASP,2.15222163,12.005,293.99275
WASP-2 b,Transit,2007,SuperWASP,2.15222144,11.691,269.20201
WASP-2 b,Transit,2007,SuperWASP,2.15226,12.52,290.484
WASP-2 b,Transit,2007,SuperWASP,2.15222144,11.691,269.20201
WASP-2 b,Transit,2007,SuperWASP,2.152226,12.005,290.802
WASP-20 b,Transit,2015,SuperWASP,4.8996284,16.388,98.84513
WASP-20 b,Transit,2015,SuperWASP,4.8996284,16.388,98.841
WASP-21 b,Transit,2010,SuperWASP,4.322506,14.157,93.75985
WASP-21 b,Transit,2010,SuperWASP,4.3225126,11.994,94.39551
WASP-21 b,Transit,2010,SuperWASP,4.322482,11.99,95.345
WASP-22 b,Transit,2010,SuperWASP,3.5327313,12.98,181.1631
WASP-22 b,Transit,2010,SuperWASP,3.5327313,12.98,186.876
WASP-22 b,Transit,2010,SuperWASP,3.53269,12.554,177.9848
WASP-22 b,Transit,2010,SuperWASP,3.53269,13.787,212.9461
WASP-22 b,Transit,2010,SuperWASP,3.53273064,13.44,196.10111
WASP-23 b,Transit,2010,SuperWASP,2.94443,10.783,279.37257
WASP-23 b,Transit,2010,SuperWASP,2.9444256,10.783,280.95
WASP-24 b,Transit,2010,SuperWASP,2.3412217,14.572,336.8998
WASP-24 b,Transit,2010,SuperWASP,2.34121242,14.571,340.382
WASP-24 b,Transit,2010,SuperWASP,2.3412217,14.605,352.47347
WASP-24 b,Transit,2010,SuperWASP,2.34121,15.468,394.1092
WASP-25 b,Transit,2010,SuperWASP,3.7648327,13.675,182.43442
WASP-25 b,Transit,2010,SuperWASP,3.764825,13.675,184.3414
WASP-25 b,Transit,2010,SuperWASP,3.76483,11.994,139.8452
WASP-25 b,Transit,2010,SuperWASP,3.764825,13.675,184.334
WASP-25 b,Transit,2010,SuperWASP,3.7648327,13.978,190.06234
WASP-26 b,Transit,2010,SuperWASP,2.7566004,14.359,326.715
WASP-26 b,Transit,2010,SuperWASP,2.7565972,14.796,329.90754
WASP-26 b,Transit,2010,SuperWASP,2.7566,13.563,270.1555
WASP-26 b,Transit,2010,SuperWASP,2.7565972,13.63,324.1866
WASP-28 b,Transit,2014,SuperWASP,3.40883,13.597,288.26
WASP-28 b,Transit,2014,SuperWASP,3.40883,13.597,287.95398
WASP-28 b,Transit,2014,SuperWASP,3.40884,15.177,285.717
WASP-28 b,Transit,2014,SuperWASP,3.4088387,14.011,294.62841
WASP-29 b,Transit,2010,SuperWASP,3.9227186,8.878,77.86835
WASP-29 b,Transit,2010,SuperWASP,3.92273,8.631,73.1009
WASP-29 b,Transit,2010,SuperWASP,3.922727,8.878,77.547
WASP-29 b,Transit,2010,SuperWASP,3.9227186,8.698,77.55052
WASP-3 b,Transit,2007,SuperWASP,1.8468373,15.872,645.1949
WASP-3 b,Transit,2007,SuperWASP,1.8468355,15.693,629.3034
WASP-3 b,Transit,2007,SuperWASP,1.84683,15.917,772.3269
WASP-3 b,Transit,2007,SuperWASP,1.8468373,15.524,559.36
WASP-3 b,Transit,2007,SuperWASP,1.846835,14.5,559.357
WASP-3 b,Transit,2007,SuperWASP,1.846834,14.684,559.3808
WASP-3 b,Transit,2007,SuperWASP,1.8468351,15.872,600.6987
WASP-3 b,Transit,2007,SuperWASP,1.846835,16.298,654.7298
WASP-31 b,Transit,2010,SuperWASP,3.405909,17.228,151.92274
WASP-31 b,Transit,2010,SuperWASP,3.405886,17.363,155.41887
WASP-31 b,Transit,2010,SuperWASP,3.4059096,17.363,151.916
WASP-31 b,Transit,2010,SuperWASP,3.4,17.374,152.5584
WASP-32 b,Transit,2010,SuperWASP,2.7186591,12.33,1109.2267
WASP-32 b,Transit,2010,SuperWASP,2.71866,10.761,835.8929
WASP-32 b,Transit,2010,SuperWASP,2.718659,13.227,1144.14
WASP-32 b,Transit,2010,SuperWASP,2.718659,13.339,1144.188
WASP-33 b,Transit,2010,SuperWASP,1.21986983,17.934,371.8611
WASP-33 b,Transit,2010,SuperWASP,1.21987016,18.82,1042.4824
WASP-33 b,Transit,2010,SuperWASP,1.21987,17.856,665.21819
WASP-33 b,Transit,2010,SuperWASP,1.2198669,16.78,1303
WASP-34 b,Transit,2010,SuperWASP,4.31768,11.209,177.9848
WASP-34 b,Transit,2010,SuperWASP,4.3176782,13.675,185.29489
WASP-34 b,Transit,2010,SuperWASP,4.3176782,13.675,187.51
WASP-35 b,Transit,2011,SuperWASP,3.161575,14.796,222.79883
WASP-35 b,Transit,2011,SuperWASP,3.161575,14.796,228.828
WASP-35 b,Transit,2011,SuperWASP,3.16158,14.572,225.6593
WASP-36 b,Transit,2011,SuperWASP,1.5373653,14.359,731.932
WASP-36 b,Transit,2011,SuperWASP,1.53736596,14.874,750.39663
WASP-36 b,Transit,2011,SuperWASP,1.53736423,14.359,726.55938
WASP-36 b,Transit,2011,SuperWASP,1.5373653,14.359,729.73768
WASP-36 b,Transit,2011,SuperWASP,1.5373639,14.908,729.41985
WASP-37 b,Transit,2010,SuperWASP,3.577469,13.002,572.07
WASP-37 b,Transit,2010,SuperWASP,3.577469,13.002,546.6676
WASP-38 b,Transit,2010,SuperWASP,6.87188,12.218,861.3193
WASP-38 b,Transit,2010,SuperWASP,6.9,12.3,858.1
WASP-38 b,Transit,2010,SuperWASP,6.871815,12.263,855.245
WASP-38 b,Transit,2010,SuperWASP,6.87188,13.787,1093.3352
WASP-38 b,Transit,2010,SuperWASP,6.871815,12.218,841.61384
WASP-39 b,Transit,2011,SuperWASP,4.0552765,14.93,89.94589
WASP-39 b,Transit,2011,SuperWASP,4.06,14.235,88.9924
WASP-39 b,Transit,2011,SuperWASP,4.0552947,14.235,87.40325
WASP-39 b,Transit,2011,SuperWASP,4.055259,14.235,88.989
WASP-39 b,Transit,2011,SuperWASP,4.0552941,14.336,89.31023
WASP-4 b,Transit,2007,SuperWASP,1.3382315,15.211,393.15571
WASP-4 b,Transit,2007,SuperWASP,1.3382299,15.031,397.2875
WASP-4 b,Transit,2007,SuperWASP,1.33823144,15.289,396.96967
WASP-4 b,Transit,2007,SuperWASP,1.33823187,15.838,393.139
WASP-4 b,Transit,2007,SuperWASP,1.3382315,15.368,409.68287
WASP-4 b,Transit,2007,SuperWASP,1.33823162,14.908,371.8611
WASP-4 b,Transit,2007,SuperWASP,1.33823,14.908,375.0394
WASP-4 b,Transit,2007,SuperWASP,1.33823147,14.807,376.94638
WASP-4 b,Transit,2007,SuperWASP,1.33823251,14.908,386.48128
WASP-41 b,Transit,2012,SuperWASP,3.052404,13.227,298.7602
WASP-41 b,Transit,2012,SuperWASP,3.052401,13.451,299.07803
WASP-41 b,Transit,2012,SuperWASP,3.052401,13.451,292.391
WASP-41 b,Transit,2012,SuperWASP,3.0524,12.33,270.1555
WASP-41 b,Transit,2012,SuperWASP,3.05240154,13.204,310.51991
WASP-42 b,Transit,2012,SuperWASP,4.9816872,12.106,158.908
WASP-42 b,Transit,2012,SuperWASP,4.9816872,11.915,159.23283
WASP-42 b,Transit,2012,SuperWASP,4.9816819,12.576,167.49641
WASP-43 b,Transit,2011,SuperWASP,0.81347398,11.276,635.02434
WASP-43 b,Transit,2011,SuperWASP,0.813475,10.424,565.714
WASP-43 b,Transit,2011,SuperWASP,0.81347437,11.613,651.5515
WASP-43 b,Transit,2011,SuperWASP,0.8,10.42,572.1
WASP-44 b,Transit,2011,SuperWASP,2.4238039,12.778,282.539
WASP-44 b,Transit,2011,SuperWASP,2.423804,12.33,276.5121
WASP-44 b,Transit,2011,SuperWASP,2.4238133,12.778,279.05474
WASP-44 b,Transit,2011,SuperWASP,2.423812,10.985,275.55861
WASP-45 b,Transit,2011,SuperWASP,3.126096,11.119,318.46566
WASP-45 b,Transit,2011,SuperWASP,3.1260876,13.002,318.78349
WASP-45 b,Transit,2011,SuperWASP,3.126089,10.604,306.38812
WASP-45 b,Transit,2011,SuperWASP,3.12609,12.778,330.5432
WASP-45 b,Transit,2011,SuperWASP,3.1260876,13.002,320.041
WASP-46 b,Transit,2011,SuperWASP,1.43037,14.684,667.733
WASP-46 b,Transit,2011,SuperWASP,1.43036763,13.159,607.0553
WASP-46 b,Transit,2011,SuperWASP,1.43037,13.159,603.877
WASP-47 b,Transit,2012,SuperWASP,4.1591287,12.77,341
WASP-47 b,Transit,2012,SuperWASP,4.16071,12.9,383
WASP-47 b,Transit,2012,SuperWASP,4.1591289,12.63,363.1
WASP-47 b,Transit,2012,SuperWASP,4.1591399,12.89,362.311
WASP-47 b,Transit,2012,SuperWASP,4.1591282,12.71,370
WASP-48 b,Transit,2011,SuperWASP,2.143634,18.719,311.46
WASP-48 b,Transit,2011,SuperWASP,2.14363592,18.719,312.74472
WASP-48 b,Transit,2011,SuperWASP,2.14363544,15.65,288
WASP-48 b,Transit,2011,SuperWASP,2.143634,18.719,327.68273
WASP-48 b,Transit,2011,SuperWASP,2.14363,16.814,254.264
WASP-49 b,Transit,2012,SuperWASP,2.7817387,12.498,120.135
WASP-49 b,Transit,2012,SuperWASP,2.7817387,12.498,126.81417
WASP-49 b,Transit,2012,SuperWASP,2.7817362,13.428,126.81417
WASP-49 b,Transit,2012,SuperWASP,2.78174,12.442,117.5971
WASP-5 b,Transit,2008,SuperWASP,1.6284229,12.778,494.22565
WASP-5 b,Transit,2008,SuperWASP,1.6284246,13.047,497.40395
WASP-5 b,Transit,2008,SuperWASP,1.6284246,13.126,520.28771
WASP-5 b,Transit,2008,SuperWASP,1.6284246,13.171,506.93885
WASP-5 b,Transit,2008,SuperWASP,1.62842953,13.171,505.3497
WASP-5 b,Transit,2008,SuperWASP,1.6284296,12.218,502.15
WASP-5 b,Transit,2008,SuperWASP,1.6284279,12.184,502.15
WASP-5 b,Transit,2008,SuperWASP,1.62843142,13.081,498.336
WASP-50 b,Transit,2011,SuperWASP,1.9551,13.07,466.8287
WASP-50 b,Transit,2011,SuperWASP,1.9550959,12.924,466.555
WASP-50 b,Transit,2011,SuperWASP,1.9551,13.675,524.4195
WASP-50 b,Transit,2011,SuperWASP,1.9550938,12.924,464.0318
WASP-52 b,Transit,2012,SuperWASP,1.7497835,14.235,145.88397
WASP-52 b,Transit,2012,SuperWASP,1.7497828,13.709,146.2018
WASP-52 b,Transit,2012,SuperWASP,1.7497798,14.24,146.2
WASP-54 b,Transit,2012,SuperWASP,3.6936411,18.528,192.60498
WASP-54 b,Transit,2012,SuperWASP,3.69364,17.71,187.5197
WASP-54 b,Transit,2012,SuperWASP,3.6936411,18.528,202.131
WASP-55 b,Transit,2012,SuperWASP,4.465633,14.572,181.155
WASP-55 b,Transit,2012,SuperWASP,4.46563,14.908,193.8763
WASP-55 b,Transit,2012,SuperWASP,4.4656291,14.964,199.27941
WASP-55 b,Transit,2012,SuperWASP,4.465633,14.572,181.48093
WASP-56 b,Transit,2012,SuperWASP,4.617101,12.24,181.473
WASP-56 b,Transit,2012,SuperWASP,4.6171,10.536,143.0235
WASP-56 b,Transit,2012,SuperWASP,4.617101,12.24,190.38017
WASP-57 b,Transit,2012,SuperWASP,2.83891856,11.769,204.36469
WASP-57 b,Transit,2012,SuperWASP,2.83891856,11.769,204.68252
WASP-57 b,Transit,2012,SuperWASP,2.838971,10.267,213.573
WASP-58 b,Transit,2012,SuperWASP,5.01718,15.36,282.86
WASP-58 b,Transit,2012,SuperWASP,5.01718,16.029,308.2951
WASP-58 b,Transit,2012,SuperWASP,5.01718,15.356,285.72917
WASP-59 b,Transit,2012,SuperWASP,7.919585,8.687,272.38031
WASP-59 b,Transit,2012,SuperWASP,7.919585,8.687,274.276
WASP-6 b,Transit,2009,SuperWASP,3.36101,11.545,117.5971
WASP-6 b,Transit,2009,SuperWASP,3.36,13.675,158.915
WASP-6 b,Transit,2009,SuperWASP,3.361006,13.72,160
WASP-6 b,Transit,2009,SuperWASP,3.36100208,13.787,154.14755
WASP-6 b,Transit,2009,SuperWASP,3.36100239,13.72,153.51189
WASP-60 b,Transit,2012,SuperWASP,4.3050011,9.64,160.50415
WASP-60 b,Transit,2012,SuperWASP,4.3050011,9.64,163.358
WASP-60 b,Transit,2012,SuperWASP,4.305,9.864,174.8065
WASP-60 b,Transit,2012,SuperWASP,4.305004,13.731,177.9848
WASP-61 b,Transit,2012,SuperWASP,3.8559,13.899,654.702
WASP-61 b,Transit,2012,SuperWASP,3.8559,15.805,851.7844
WASP-61 b,Transit,2012,SuperWASP,3.855898,13.563,654.7298
WASP-61 b,Transit,2012,SuperWASP,3.8559,13.899,651.5515
WASP-62 b,Transit,2012,SuperWASP,4.41195,14.796,165.2716
WASP-62 b,Transit,2012,SuperWASP,4.41194,15.02,184.3414
WASP-62 b,Transit,2012,SuperWASP,4.411953,15.581,180.52744
WASP-62 b,Transit,2012,SuperWASP,4.411953,15.581,181.155
WASP-63 b,Transit,2012,SuperWASP,4.37808,15.805,117.5971
WASP-63 b,Transit,2012,SuperWASP,4.37809,16.029,120.77
WASP-63 b,Transit,2012,SuperWASP,4.37809,14.908,107.74437
WASP-64 b,Transit,2012,SuperWASP,1.5732918,14.247,388.07043
WASP-64 b,Transit,2012,SuperWASP,1.5732918,14.247,403.945
WASP-65 b,Transit,2013,SuperWASP,2.3114243,12.464,489.4582
WASP-65 b,Transit,2013,SuperWASP,2.3114243,12.464,492.62
WASP-66 b,Transit,2012,SuperWASP,4.086052,15.581,737.335
WASP-66 b,Transit,2012,SuperWASP,4.08605,15.693,746.9005
WASP-66 b,Transit,2012,SuperWASP,4.086052,15.581,737.3656
WASP-66 b,Transit,2012,SuperWASP,4.086052,15.581,753.2571
WASP-67 b,Transit,2012,SuperWASP,4.6144109,15.693,133.4886
WASP-67 b,Transit,2012,SuperWASP,4.61442,12.89,136.6669
WASP-67 b,Transit,2012,SuperWASP,4.61442,15.693,133.483
WASP-67 b,Transit,2012,SuperWASP,4.61,12.229,129.034
WASP-68 b,Transit,2014,SuperWASP,5.0843,14.796,343.2564
WASP-68 b,Transit,2014,SuperWASP,5.084298,13.899,304.16331
WASP-68 b,Transit,2014,SuperWASP,5.084298,13.9,301.93
WASP-69 b,Transit,2014,SuperWASP,3.8681382,11.848,82.6358
WASP-69 b,Transit,2014,SuperWASP,3.8681382,11.848,79.4575
WASP-69 b,Transit,2014,SuperWASP,3.86814,12.442,92.1707
WASP-69 b,Transit,2014,SuperWASP,3.8681382,9.113,82.632
WASP-7 b,Transit,2008,SuperWASP,4.954658,10.256,305.1168
WASP-7 b,Transit,2008,SuperWASP,4.9546416,15.401,311.4734
WASP-7 b,Transit,2008,SuperWASP,4.9546416,15.278,344.20989
WASP-7 b,Transit,2008,SuperWASP,4.9546416,14.908,305.1168
WASP-7 b,Transit,2008,SuperWASP,4.9546416,15.278,305.1168
WASP-7 b,Transit,2008,SuperWASP,4.95466,11.994,397.2875
WASP-70 A b,Transit,2014,SuperWASP,3.7130203,13.047,189.74451
WASP-70 A b,Transit,2014,SuperWASP,3.7130203,13.047,187.512
WASP-71 b,Transit,2012,SuperWASP,2.9036747,16.365,706.21826
WASP-71 b,Transit,2012,SuperWASP,2.90367,13.227,441.7837
WASP-71 b,Transit,2012,SuperWASP,2.9036747,16.37,712.545
WASP-72 b,Transit,2012,SuperWASP,2.216742,14.235,491.39696
WASP-72 b,Transit,2012,SuperWASP,2.2167421,14.235,459.58218
WASP-72 b,Transit,2012,SuperWASP,2.21673,14.46,731.009
WASP-72 b,Transit,2012,SuperWASP,2.2167421,14.24,491.3763
WASP-73 b,Transit,2014,SuperWASP,4.08722,15.917,908.9938
WASP-73 b,Transit,2014,SuperWASP,4.08722,13.002,597.20257
WASP-73 b,Transit,2014,SuperWASP,4.08722,13.002,597.5
WASP-74 b,Transit,2015,SuperWASP,2.13775,15.244,228.8376
WASP-74 b,Transit,2015,SuperWASP,2.13775,17.486,301.9385
WASP-74 b,Transit,2015,SuperWASP,2.13775,17.486,300.03152
WASP-75 b,Transit,2013,SuperWASP,2.484193,14.235,340.06
WASP-75 b,Transit,2013,SuperWASP,2.484193,14.235,341.03159
WASP-76 b,Transit,2016,SuperWASP,1.809886,20.512,292.4036
WASP-77 A b,Transit,2012,SuperWASP,1.3600309,13.56,559.36
WASP-77 A b,Transit,2012,SuperWASP,1.3600309,13.563,560.33429
WASP-77 A b,Transit,2012,SuperWASP,1.3600306,13.563,559.3808
WASP-77 A b,Transit,2012,SuperWASP,1.4,13.5,572.1
WASP-77 A b,Transit,2012,SuperWASP,1.36003,15.468,727.8307
WASP-78 b,Transit,2012,SuperWASP,2.17517632,19.055,282.857
WASP-78 b,Transit,2012,SuperWASP,2.1751763,17.822,259.66711
WASP-78 b,Transit,2012,SuperWASP,2.17518,21.633,352.7913
WASP-78 b,Transit,2012,SuperWASP,2.175173,23.091,273.3338
WASP-79 b,Transit,2012,SuperWASP,3.6623866,23.43,286.03
WASP-79 b,Transit,2012,SuperWASP,3.6623866,20.4,267.93069
WASP-79 b,Transit,2012,SuperWASP,3.66238,18.719,270.1555
WASP-79 b,Transit,2012,SuperWASP,3.662392,17.15,270.1555
WASP-8 b,Transit,2010,SuperWASP,8.158715,11.635,677.61356
WASP-8 b,Transit,2010,SuperWASP,8.158715,11.635,713.18
WASP-8 b,Transit,2010,SuperWASP,8.2,11.2,699.2
WASP-8 b,Transit,2010,SuperWASP,8.15872,12.666,807.2882
WASP-80 b,Transit,2012,SuperWASP,3.06785234,11.198,170.99254
WASP-80 b,Transit,2012,SuperWASP,3.06785952,10.671,171.6282
WASP-80 b,Transit,2012,SuperWASP,3.1,10.65,174.8
WASP-80 b,Transit,2012,SuperWASP,3.0678504,10.671,176.07
WASP-82 b,Transit,2015,SuperWASP,2.705785,19.17,397.27
WASP-82 b,Transit,2015,SuperWASP,2.70579,18.159,371.8611
WASP-82 b,Transit,2015,SuperWASP,2.705782,18.719,394.1092
WASP-83 b,Transit,2015,SuperWASP,4.971252,11.657,95.349
WASP-83 b,Transit,2015,SuperWASP,4.971252,11.657,96.93815
WASP-84 b,Transit,2014,SuperWASP,8.5234962,10.94,218.34921
WASP-84 b,Transit,2014,SuperWASP,8.5234865,10.559,220.565
WASP-84 b,Transit,2014,SuperWASP,8.5234865,10.559,220.57402
WASP-88 b,Transit,2014,SuperWASP,4.954,16.365,133.4886
WASP-88 b,Transit,2014,SuperWASP,4.954,19.055,177.98
WASP-88 b,Transit,2014,SuperWASP,4.954,19.055,181.1631
WASP-89 b,Transit,2015,SuperWASP,3.3564227,11.657,1843.414
WASP-89 b,Transit,2015,SuperWASP,3.3564227,11.657,1875.197
WASP-90 b,Transit,2016,SuperWASP,3.916243,18.271,200.2329
WASP-92 b,Transit,2016,SuperWASP,2.1746742,16.376,255.85315
WASP-93 b,Transit,2016,SuperWASP,2.7325321,17.901,467.2101
WASP-94 A b,Transit,2014,SuperWASP,3.9501907,19.28,143.653
WASP-94 A b,Transit,2014,SuperWASP,3.9501907,19.279,144.93048
WASP-94 A b,Transit,2014,SuperWASP,3.95019,17.71,158.915
WASP-95 b,Transit,2014,SuperWASP,2.184673,13.563,382.66732
WASP-95 b,Transit,2014,SuperWASP,2.184673,13.56,359.13
WASP-95 b,Transit,2014,SuperWASP,2.18467,13.787,457.6752
WASP-96 b,Transit,2014,SuperWASP,3.4252602,13.451,155.7367
WASP-96 b,Transit,2014,SuperWASP,3.4252602,13.45,152.55
WASP-97 b,Transit,2014,SuperWASP,2.07276,12.67,419.52
WASP-97 b,Transit,2014,SuperWASP,2.07276,12.778,432.2488
WASP-97 b,Transit,2014,SuperWASP,2.07276,12.666,420.48909
WASP-98 b,Transit,2014,SuperWASP,2.96264,12.33,269.51984
WASP-98 b,Transit,2014,SuperWASP,2.96264036,12.823,293.03926
WASP-98 b,Transit,2014,SuperWASP,2.96264,12.33,263.79
WASP-99 b,Transit,2014,SuperWASP,5.75251,11.433,772.3269
WASP-99 b,Transit,2014,SuperWASP,5.75251,12.33,883.53
WASP-99 b,Transit,2014,SuperWASP,5.75251,12.33,889.924
KOI-12 b,Transit,2015,Kepler,17.855182,13.787,349.613
KOI-12 b,Transit,2015,Kepler,17.8552333,16.029,3178.3
KOI-12 b,Transit,2015,Kepler,17.85523,17.262,1690.8556
KOI-1257 b,Transit,2014,Kepler,86.647661,10.54,460.83
KOI-13 b,Transit,2011,Kepler,1.76358799,15.76,2070.66245
KOI-13 b,Transit,2011,Kepler,1.763588,16.948,2949.4624
KOI-142 b,Transit,2013,Kepler,10.91647,3.438,9.5
KOI-142 b,Transit,2013,Kepler,10.95416,3.78,8.7
KOI-1599.01,Transit,2019,Kepler,20.4415,1.9,4.6
KOI-1599.02,Transit,2019,Kepler,13.6088,1.9,9
KOI-1783.01,Transit,2020,Kepler,134.4628,8.86,71
KOI-1783.02,Transit,2020,Kepler,284.215,5.44,15
KOI-351 g,Transit,2013,Kepler,210.603,8.07,254.264
KOI-351 h,Transit,2013,Kepler,331.601,11.321,381.396
KOI-3680 b,Transit,2018,Kepler,141.241671,11.097,613.4119
KOI-55 b,Orbital Brightness Modulation,2011,Kepler,0.240104,0.759,0.44
KOI-55 c,Orbital Brightness Modulation,2011,Kepler,0.342887,0.867,0.655
KOI-94 b,Transit,2013,Kepler,3.743208,1.71,10.5
KOI-94 c,Transit,2013,Kepler,10.424,3.8,7.8
KOI-94 c,Transit,2013,Kepler,10.423648,4.32,15.6
KOI-94 d,Transit,2013,Kepler,22.342989,11.27,106
KOI-94 d,Transit,2013,Kepler,22.343,10.1,58.4
KOI-94 e,Transit,2013,Kepler,54.32031,6.56,35
Kepler-10 b,Transit,2011,Kepler,0.8374912,1.46,4.6
Kepler-10 b,Transit,2011,Kepler,0.837491,1.481,4.60853
Kepler-10 b,Transit,2011,Kepler,0.837,1.489,3.57
Kepler-10 b,Transit,2011,Kepler,0.8374907,1.47,3.72
Kepler-10 b,Transit,2011,Kepler,0.837495,1.416,4.56
Kepler-10 b,Transit,2011,Kepler,0.8374907,1.47,3.33
Kepler-10 c,Transit,2011,Kepler,45.294301,2.35,13.98
Kepler-10 c,Transit,2011,Kepler,45.29485,2.227,20
Kepler-10 c,Transit,2011,Kepler,45.294301,2.35,17.2
Kepler-100 b,Transit,2014,Kepler,6.88705,1.32,7.34
Kepler-100 c,Transit,2014,Kepler,12.8159,2.2,7.05
Kepler-100 d,Transit,2014,Kepler,35.3331,1.61,3
Kepler-101 b,Transit,2014,Kepler,3.4876812,5.77,51.1
Kepler-101 c,Transit,2014,Kepler,6.02976,1.25,3.78
Kepler-102 b,Transit,2014,Kepler,5.28696,0.47,4.3
Kepler-102 c,Transit,2014,Kepler,7.07142,0.58,3
Kepler-102 d,Transit,2014,Kepler,10.3117,1.18,3.8
Kepler-102 d,Transit,2014,Kepler,10.312,1.17,2.6
Kepler-102 e,Transit,2013,Kepler,16.1457,2.22,8.93
Kepler-102 f,Transit,2014,Kepler,27.4536,0.88,5.2
Kepler-103 b,Transit,2014,Kepler,15.9654,3.37,9.7
Kepler-103 c,Transit,2014,Kepler,179.612,5.14,36.1
Kepler-104 b,Transit,2014,Kepler,11.428,3.13,19.6
Kepler-105 b,Transit,2013,Kepler,5.412,5.52,5.1
Kepler-105 c,Transit,2014,Kepler,7.126,1.85,3
Kepler-105 c,Transit,2014,Kepler,7.126,1.6,3.6
Kepler-105 c,Transit,2014,Kepler,7.1262,1.31,4.6
Kepler-106 b,Transit,2014,Kepler,6.16486,0.82,5.3
Kepler-106 c,Transit,2014,Kepler,13.5708,2.5,10.44
Kepler-106 d,Transit,2014,Kepler,23.9802,0.95,8.1
Kepler-106 e,Transit,2014,Kepler,43.8445,2.56,11.17
Kepler-107 b,Transit,2014,Kepler,3.1800218,1.536,3.51
Kepler-107 c,Transit,2014,Kepler,4.901452,1.597,9.39
Kepler-107 d,Transit,2014,Kepler,7.95839,0.86,3.8
Kepler-107 e,Transit,2014,Kepler,14.749143,2.903,8.6
Kepler-109 b,Transit,2014,Kepler,6.48163,2.37,7.3
Kepler-109 c,Transit,2014,Kepler,21.2227,2.52,21.8
Kepler-11 b,Transit,2010,Kepler,10.3039,1.8,1.9
Kepler-11 b,Transit,2010,Kepler,10.30375,1.97,4.3
Kepler-11 b,Transit,2010,Kepler,10.304,1.71,4.3
Kepler-11 c,Transit,2010,Kepler,13.025,2.73,5.9
Kepler-11 c,Transit,2010,Kepler,13.02502,3.15,13.5
Kepler-11 c,Transit,2010,Kepler,13.0241,2.87,2.9
Kepler-11 d,Transit,2010,Kepler,22.68719,3.43,6.1
Kepler-11 d,Transit,2010,Kepler,22.6845,3.12,7.3
Kepler-11 d,Transit,2010,Kepler,22.687,2.97,6.7
Kepler-11 d,Transit,2010,Kepler,22.687,3.3,6.8
Kepler-11 e,Transit,2010,Kepler,31.995,4,6.7
Kepler-11 e,Transit,2010,Kepler,31.995,3.98,7
Kepler-11 e,Transit,2010,Kepler,31.9996,4.19,8
Kepler-11 e,Transit,2010,Kepler,31.9959,4.52,8.4
Kepler-11 f,Transit,2010,Kepler,46.6888,2.49,2
Kepler-11 f,Transit,2010,Kepler,46.68876,2.61,2.3
Kepler-11 f,Transit,2010,Kepler,46.686,2.37,2.5
Kepler-11 f,Transit,2010,Kepler,46.686,2.6,1.7
Kepler-11 g,Transit,2010,Kepler,118.37774,3.66,300
Kepler-11 g,Transit,2010,Kepler,118.3807,3.33,25
Kepler-113 b,Transit,2014,Kepler,4.754,1.82,11.7
Kepler-113 c,Transit,2014,Kepler,8.92507,2.18,8.7
Kepler-114 b,Transit,2014,Kepler,5.189,1.02,6.8
Kepler-114 c,Transit,2013,Kepler,8.041,1.29,40
Kepler-114 c,Transit,2013,Kepler,8.041,1.6,2.8
Kepler-114 d,Transit,2013,Kepler,11.776,2.53,3.9
Kepler-117 b,Transit,2014,Kepler,18.7959228,8.059,29.875
Kepler-117 c,Transit,2014,Kepler,50.790391,12.341,584.78
Kepler-12 b,Transit,2011,Kepler,4.4379637,19.123,136.6669
Kepler-12 b,Transit,2011,Kepler,4.4379629,19.661,137.30256
Kepler-12 b,Transit,2011,Kepler,4.4379637,18.999,137.62039
Kepler-12 b,Transit,2011,Kepler,4.4379637,18.999,136.979
Kepler-120 b,Transit,2014,Kepler,6.313,2.31,8.5
Kepler-122 e,Transit,2014,Kepler,38,2.02,27.7
Kepler-122 f,Transit Timing Variations,2014,Kepler,56.268,1.75,36
Kepler-123 b,Transit,2014,Kepler,17.232,2.55,55.3
Kepler-128 b,Transit,2013,Kepler,15.09,1.13,30.7
Kepler-128 b,Transit,2013,Kepler,15.09,1.43,0.77
Kepler-128 b,Transit,2013,Kepler,15.09,1.13,42.7
Kepler-128 c,Transit,2013,Kepler,22.804,1.34,0.9
Kepler-128 c,Transit,2013,Kepler,22.801,1.13,37
Kepler-128 c,Transit,2013,Kepler,22.804,1.13,33.3
Kepler-131 b,Transit,2014,Kepler,16.092,2.41,16.13
Kepler-131 c,Transit,2014,Kepler,25.5169,0.84,8.25
Kepler-136 b,Transit,2014,Kepler,11.579,1.8,19.8
Kepler-138 b,Transit,2014,Kepler,10.312,0.71,0.5
Kepler-138 b,Transit,2014,Kepler,10.3126,0.522,0.066
Kepler-138 b,Transit,2014,Kepler,10.31368,0.701,0.187
Kepler-138 c,Transit,2014,Kepler,13.781564,1.67,5.2
Kepler-138 c,Transit,2014,Kepler,13.7813,1.197,1.97
Kepler-138 c,Transit,2014,Kepler,13.78164,1.61,3.83
Kepler-138 c,Transit,2014,Kepler,13.781,1.75,1.6
Kepler-138 d,Transit,2014,Kepler,23.0881,1.212,0.64
Kepler-138 d,Transit,2014,Kepler,23.08933,1.61,1.01
Kepler-138 d,Transit,2014,Kepler,23.09302,1.68,1.17
Kepler-14 b,Transit,2011,Kepler,6.790123,12.733,2669.66
Kepler-14 b,Transit,2011,Kepler,6.790123,12.621,2440.9344
Kepler-145 b,Transit,2013,Kepler,22.951,2.65,37.1
Kepler-145 c,Transit,2013,Kepler,42.882,4.32,79.4
Kepler-15 b,Transit,2011,Kepler,4.9427809,10.761,201.18639
Kepler-15 b,Transit,2011,Kepler,4.942782,14.448,221.20968
Kepler-15 b,Transit,2011,Kepler,4.942782,10.76,209.76
Kepler-16 b,Transit,2011,Kepler,228.776,8.449,105.833
Kepler-161 b,Transit,2014,Kepler,4.921,1.93,12.1
Kepler-161 c,Transit,2014,Kepler,7.064,1.87,11.8
Kepler-1647 b,Transit,2016,Kepler,1107.5923,11.874,483
Kepler-1654 b,Transit,2018,Kepler,1047.8356,9.18,158.915
Kepler-1655 b,Transit,2018,Kepler,11.8728787,2.213,5
Kepler-1656 b,Transit,2018,Kepler,31.578659,5.02,48.6
Kepler-1658 b,Transit,2019,Kepler,3.84937278,11.994,1868.8404
Kepler-1661 b,Transit,2020,Kepler,175.06,3.87,17
Kepler-17 b,Transit,2011,Kepler,1.48571091,14.908,785.0401
Kepler-17 b,Transit,2011,Kepler,1.4857108,14.68,778.65
Kepler-17 b,Transit,2011,Kepler,1.4857108,14.684,743.7222
Kepler-170 b,Transit,2014,Kepler,7.931,3.08,82.6
Kepler-176 c,Transit,2014,Kepler,12.759,2.56,23
Kepler-176 d,Transit,2014,Kepler,25.752,2.47,15.2
Kepler-177 b,Transit,2013,Kepler,36.855,2.9,2
Kepler-177 b,Transit,2013,Kepler,35.8601,3.5,5.84
Kepler-177 b,Transit,2013,Kepler,36.855,3.1,5.4
Kepler-177 c,Transit,2013,Kepler,49.412,7.1,7.5
Kepler-177 c,Transit,2013,Kepler,49.40926,8.73,14.7
Kepler-177 c,Transit,2013,Kepler,49.412,7.3,13.5
Kepler-18 b,Transit,2011,Kepler,3.504725,2,6.9
Kepler-18 c,Transit,2011,Kepler,7.642,5.22,18.4
Kepler-18 c,Transit,2011,Kepler,7.64159,5.49,17.3
Kepler-18 d,Transit,2011,Kepler,14.859,6,14.9
Kepler-18 d,Transit,2011,Kepler,14.859,6.63,15.7
Kepler-18 d,Transit,2011,Kepler,14.85888,6.98,16.4
Kepler-183 c,Transit,2014,Kepler,11.637,2.23,35.7
Kepler-184 c,Transit,2014,Kepler,20.303,1.95,8.8
Kepler-189 c,Transit,2014,Kepler,20.135,2.4,22.7
Kepler-19 b,Transit,2011,Kepler,9.2869944,2.209,20.3
Kepler-197 c,Transit,2014,Kepler,10.35,1.23,5.3
Kepler-20 b,Transit,2011,Kepler,3.69611525,1.868,9.7
Kepler-20 b,Transit,2011,Kepler,3.6961219,1.91,8.7
Kepler-20 c,Transit,2011,Kepler,10.854092,3.07,16.1
Kepler-20 c,Transit,2011,Kepler,10.85409089,3.047,12.75
Kepler-20 d,Transit,2011,Kepler,77.61184,2.75,20.1
Kepler-20 d,Transit,2011,Kepler,77.61130017,2.744,10.07
Kepler-20 e,Transit,2011,Kepler,6.098493,0.868,3.08
Kepler-20 f,Transit,2011,Kepler,19.57706,1.03,14.3
Kepler-203 c,Transit,2014,Kepler,5.371,2.09,749.9
Kepler-203 d,Transit,2014,Kepler,11.33,1.22,33.9
Kepler-21 b,Transit,2012,Kepler,2.78578,1.639,5.08
Kepler-21 b,Transit,2012,Kepler,2.785755,1.635,10.4
Kepler-211 c,Transit,2014,Kepler,6.04,2.45,18.3
Kepler-215 d,Transit,2014,Kepler,30.864,2.34,23.6
Kepler-219 d,Transit,2014,Kepler,47.904,2.51,19.1
Kepler-22 b,Transit,2011,Kepler,289.8623,2.38,36
Kepler-221 c,Transit,2014,Kepler,5.691,2.68,15.1
Kepler-223 b,Transit,2014,Kepler,7.38449,2.99,7.4
Kepler-223 b,Transit,2014,Kepler,7.385,2.2,4
Kepler-223 c,Transit,2014,Kepler,9.84564,3.44,5.1
Kepler-223 c,Transit,2014,Kepler,9.848,2.6,12.4
Kepler-223 d,Transit,2014,Kepler,14.787,3.8,5.9
Kepler-223 d,Transit,2014,Kepler,14.78869,5.24,8
Kepler-223 e,Transit,2014,Kepler,19.72567,4.6,4.8
Kepler-226 b,Transit,2014,Kepler,3.941,1.56,24
Kepler-226 c,Transit,2014,Kepler,5.35,2.29,45.2
Kepler-23 b,Transit,2011,Kepler,7.107,1.9,15.2
Kepler-23 b,Transit,2011,Kepler,7.1073,1.9,254.3
Kepler-23 c,Transit,2011,Kepler,10.7421,3.2,858.1
Kepler-23 c,Transit,2011,Kepler,10.742,3.2,60.2
Kepler-23 d,Transit,2014,Kepler,15.274,2.2,17.6
Kepler-231 b,Transit,2014,Kepler,10.065,2.2,35.4
Kepler-231 c,Transit,2014,Kepler,19.271,2.13,24.1
Kepler-238 e,Transit,2013,Kepler,23.654,5.6,169.7
Kepler-238 f,Transit,2013,Kepler,50.447,2,13.5
Kepler-24 b,Transit,2011,Kepler,8.145,2.02,33.3
Kepler-24 b,Transit,2011,Kepler,8.1453,2.4,508.5
Kepler-24 c,Transit,2011,Kepler,12.3335,2.8,508.5
Kepler-24 c,Transit,2011,Kepler,12.333,2.36,33.6
Kepler-240 c,Transit,2014,Kepler,7.954,2.28,102.3
Kepler-244 d,Transit,2014,Kepler,20.051,2.32,15.2
Kepler-245 c,Transit,2014,Kepler,17.461,2.38,225.6
Kepler-245 d,Transit,2014,Kepler,36.276,3.31,21.6
Kepler-25 b,Transit,2011,Kepler,6.2385,2.6,4036.3
Kepler-25 b,Transit,2011,Kepler,6.238297,2.748,8.7
Kepler-25 b,Transit,2011,Kepler,6.2385,2.71,9.6
Kepler-25 b,Transit,2011,Kepler,6.239,2.6,9
Kepler-25 c,Transit,2011,Kepler,12.7204,4.5,1322.12
Kepler-25 c,Transit,2011,Kepler,12.7204,5.2,24.6
Kepler-25 c,Transit,2011,Kepler,12.72,4.5,14.3
Kepler-25 c,Transit,2011,Kepler,12.7207,5.217,15.2
Kepler-254 c,Transit,2014,Kepler,12.412,2.09,3.2
Kepler-26 b,Transit,2011,Kepler,12.2829,3.6,120.77
Kepler-26 b,Transit,2011,Kepler,12.28,2.78,5.12
Kepler-26 b,Transit,2011,Kepler,12.28,2.9,5.02
Kepler-26 c,Transit,2011,Kepler,17.256,2.51,6.12
Kepler-26 c,Transit,2011,Kepler,17.251,2.5,6.1
Kepler-26 c,Transit,2011,Kepler,17.2513,3.6,119.181
Kepler-26 c,Transit,2011,Kepler,17.2559,2.72,6.2
Kepler-267 b,Transit,2014,Kepler,3.354,2.11,37.9
Kepler-27 b,Transit,2011,Kepler,15.3348,4,2895.31
Kepler-27 b,Transit,2011,Kepler,15.335,5.85,41.8
Kepler-27 c,Transit,2011,Kepler,31.33,7.17,21.2
Kepler-27 c,Transit,2011,Kepler,31.3309,4.9,4385.87
Kepler-272 b,Transit,2014,Kepler,2.971,1.31,78
Kepler-272 c,Transit,2014,Kepler,6.057,1.63,97.8
Kepler-276 c,Transit,2013,Kepler,31.884,2.83,25.2
Kepler-276 c,Transit,2013,Kepler,31.884,2.9,16.6
Kepler-276 d,Transit,2013,Kepler,48.646,2.74,18.4
Kepler-276 d,Transit,2013,Kepler,48.648,2.8,16.3
Kepler-277 b,Transit,2013,Kepler,17.324,2.92,78.1
Kepler-277 b,Transit,2013,Kepler,17.324,2.92,87.3
Kepler-277 c,Transit,2013,Kepler,33.006,3.36,64.2
Kepler-277 c,Transit,2013,Kepler,33.006,3.36,39.6
Kepler-279 c,Transit,2013,Kepler,35.735,5.5,7.4
Kepler-279 c,Transit,2013,Kepler,35.736,4.3,49.4
Kepler-279 d,Transit,2013,Kepler,54.414,3.1,37.5
Kepler-279 d,Transit,2013,Kepler,54.414,4.3,4.5
Kepler-28 b,Transit,2011,Kepler,5.912,2.93,8.8
Kepler-28 b,Transit,2011,Kepler,5.9123,3.6,479.9
Kepler-28 c,Transit,2011,Kepler,8.986,2.77,10.9
Kepler-28 c,Transit,2011,Kepler,8.9858,3.4,432.23
Kepler-282 d,Transit,2013,Kepler,24.806,2.46,61
Kepler-282 e,Transit,2013,Kepler,44.347,3.1,56.2
Kepler-289 b,Transit,2014,Kepler,34.545,2.15,7.3
Kepler-289 c,Transit,2014,Kepler,125.8518,11.59,132
Kepler-289 c,Transit,2014,Kepler,125.865,11.545,133.4886
Kepler-289 d,Transit,2014,Kepler,66.0634,2.68,4
Kepler-29 b,Transit,2011,Kepler,10.3384,3.35,4.51
Kepler-29 b,Transit,2011,Kepler,10.3376,3.6,127.1
Kepler-29 b,Transit,2011,Kepler,10.33974,2.55,5
Kepler-29 c,Transit,2011,Kepler,13.28613,2.34,4.5
Kepler-29 c,Transit,2011,Kepler,13.2907,2.9,95.3
Kepler-29 c,Transit,2011,Kepler,13.2884,3.14,4
Kepler-297 b,Transit,2014,Kepler,38.868,3.24,48.5
Kepler-297 c,Transit,2014,Kepler,74.924,7.39,42.1
Kepler-30 b,Transit,2012,Kepler,29.323,1.9,8.8
Kepler-30 b,Transit,2012,Kepler,29.312,3.56,78.6
Kepler-30 b,Transit,2012,Kepler,29.329,3.6,63.566
Kepler-30 b,Transit,2012,Kepler,29.33434,3.9,11.3
Kepler-30 c,Transit,2012,Kepler,60.326,11.23,1603.8
Kepler-30 c,Transit,2012,Kepler,60.332,13.1,527.7
Kepler-30 c,Transit,2012,Kepler,60.3251,14.3,2892.253
Kepler-30 c,Transit,2012,Kepler,60.323105,12.3,640
Kepler-30 d,Transit,2012,Kepler,143.34394,8.8,23.1
Kepler-30 d,Transit,2012,Kepler,143.213,10.6,5403.11
Kepler-305 b,Transit,2013,Kepler,5.487,3.66,7.2
Kepler-305 b,Transit,2013,Kepler,5.487,3.6,10.5
Kepler-305 c,Transit,2013,Kepler,8.291,3.3,6
Kepler-305 c,Transit,2013,Kepler,8.291,3.35,4.5
Kepler-305 d,Transit,2014,Kepler,16.739,2.7,9.1
Kepler-307 b,Transit,2013,Kepler,10.4208,2.43,7.44
Kepler-307 b,Transit,2013,Kepler,10.421,3.01,8.81
Kepler-307 b,Transit,2013,Kepler,10.416,3.21,2.1
Kepler-307 b,Transit,2013,Kepler,10.416,3.2,3.1
Kepler-307 b,Transit,2013,Kepler,10.416,3,8.8
Kepler-307 c,Transit,2013,Kepler,13.084,2.8,1.5
Kepler-307 c,Transit,2013,Kepler,13.084,2.81,1.9
Kepler-307 c,Transit,2013,Kepler,13.073,2.72,3.9
Kepler-307 c,Transit,2013,Kepler,13.084,2.7,3.9
Kepler-307 c,Transit,2013,Kepler,13.0729,2.2,3.64
Kepler-31 c,Transit,2011,Kepler,42.632,4.71,29.5
Kepler-31 c,Transit,2011,Kepler,42.6318,5.3,1493.7
Kepler-31 d,Transit,2014,Kepler,87.6451,3.9,2161.244
Kepler-310 d,Transit,2014,Kepler,92.874,2.1,7
Kepler-317 b,Transit,2014,Kepler,5.524,2.08,109.8
Kepler-32 b,Transit,2011,Kepler,5.90124,2.2,1303
Kepler-32 b,Transit,2011,Kepler,5.901,2.25,9.4
Kepler-32 c,Transit,2011,Kepler,8.7522,2,158.9
Kepler-32 c,Transit,2011,Kepler,8.752,2.02,7.7
Kepler-323 b,Transit,2014,Kepler,1.678,1.67,684.4
Kepler-323 c,Transit,2014,Kepler,3.554,1.9,79.7
Kepler-326 b,Transit,2014,Kepler,2.248,3.03,44.6
Kepler-326 c,Transit,2014,Kepler,4.58,2.79,17.4
Kepler-326 d,Transit,2014,Kepler,6.767,2.41,6.9
Kepler-327 c,Transit,2014,Kepler,5.212,1.18,20.3
Kepler-328 b,Transit,2013,Kepler,34.921,2.3,28.5
Kepler-328 c,Transit,2013,Kepler,71.312,5.4,39.4
Kepler-33 c,Transit,2011,Kepler,13.176,2.6,0.39
Kepler-33 d,Transit,2011,Kepler,21.776,4.98,11.7
Kepler-33 d,Transit,2011,Kepler,21.776,4.6,4.1
Kepler-33 d,Transit,2011,Kepler,21.776,4.58,3.91
Kepler-33 e,Transit,2011,Kepler,31.785,3.74,12.8
Kepler-33 e,Transit,2011,Kepler,31.784,3.53,5.57
Kepler-33 e,Transit,2011,Kepler,31.784,3.5,5.5
Kepler-33 f,Transit,2011,Kepler,41.029,4,9.65
Kepler-33 f,Transit,2011,Kepler,41.028,4,9.6
Kepler-33 f,Transit,2011,Kepler,41.028,4.15,25.2
Kepler-333 b,Transit,2014,Kepler,12.551,1.61,28.2
Kepler-338 b,Transit,2014,Kepler,13.727,2.43,30.6
Kepler-338 e,Transit Timing Variations,2014,Kepler,9.341,1.56,8.5
Kepler-339 c,Transit,2014,Kepler,6.988,1.16,7.3
Kepler-339 d,Transit,2014,Kepler,10.558,1.18,14.7
Kepler-34 b,Transit,2011,Kepler,288.822,8.564,69.92
Kepler-345 b,Transit,2014,Kepler,7.416,0.8,0.5
Kepler-345 c,Transit,2014,Kepler,9.387,1.3,2.2
Kepler-349 b,Transit,2014,Kepler,5.93,1.86,94.5
Kepler-35 b,Transit,2011,Kepler,131.458,8.16,40.363
Kepler-350 c,Transit,2013,Kepler,17.848,2.53,7.2
Kepler-350 c,Transit,2013,Kepler,17.849,3.1,6.1
Kepler-350 d,Transit,2013,Kepler,26.136,2.28,14.8
Kepler-350 d,Transit,2013,Kepler,26.136,2.8,14.9
Kepler-351 b,Transit,2014,Kepler,37.053,3.03,4.8
Kepler-351 c,Transit,2014,Kepler,57.248,3.16,11.1
Kepler-359 c,Transit,2014,Kepler,57.693,4.8,2.9
Kepler-359 d,Transit,2014,Kepler,77.083,4.6,2.7
Kepler-36 b,Transit,2012,Kepler,13.848,1.5,3.9
Kepler-36 b,Transit,2012,Kepler,13.83989,1.486,4.45
Kepler-36 b,Transit,2012,Kepler,13.86825,1.498,3.83
Kepler-36 c,Transit,2012,Kepler,16.21865,3.679,7.13
Kepler-36 c,Transit,2012,Kepler,16.23855,3.679,8.08
Kepler-36 c,Transit,2012,Kepler,16.233,3.8,7.5
Kepler-363 c,Transit,2014,Kepler,7.542,2.41,66.4
Kepler-37 b,Transit,2013,Kepler,13.36731,0.336,3.1783
Kepler-37 b,Transit,2013,Kepler,13.3675,0.32,10
Kepler-37 c,Transit,2013,Kepler,21.302,0.75,12
Kepler-37 d,Transit,2013,Kepler,39.7922,1.94,12.2
Kepler-37 d,Transit,2013,Kepler,39.792,2,62.5
Kepler-38 b,Transit,2012,Kepler,105.599,4.3,122
Kepler-385 b,Transit,2014,Kepler,10.044,2.79,12.8
Kepler-385 c,Transit,2014,Kepler,15.162,3.1,13.2
Kepler-39 b,Transit,2011,Kepler,21.08721,13.9,6388.1
Kepler-39 b,Transit,2011,Kepler,21.087168,12.24,5689.157
Kepler-39 b,Transit,2011,Kepler,21.08721,13.899,6388.383
Kepler-39 b,Transit,2011,Kepler,21.0874,13.68,5720.7
Kepler-396 b,Transit,2013,Kepler,42.994,3.5,75.5
Kepler-396 c,Transit,2013,Kepler,88.505,5.3,17.9
Kepler-4 b,Transit,2009,Kepler,3.21346,4.002,24.472
Kepler-4 b,Transit,2009,Kepler,3.213658,4.125,23.83725
Kepler-40 b,Transit,2010,Kepler,6.87349,13.11,699.2
Kepler-40 b,Transit,2010,Kepler,6.87349,14.235,673.7996
Kepler-40 b,Transit,2010,Kepler,6.8731697,16.141,657.9081
Kepler-40 b,Transit,2010,Kepler,6.8731697,16.141,686.5128
Kepler-406 b,Transit,2014,Kepler,2.42629,1.43,6.35
Kepler-406 c,Transit,2014,Kepler,4.62332,0.85,2.71
Kepler-407 b,Transit,2014,Kepler,0.66931,1.07,3.2
Kepler-408 b,Transit,2014,Kepler,2.46502,0.82,5
Kepler-409 b,Transit,2014,Kepler,68.9584,1.19,22
Kepler-41 b,Transit,2011,Kepler,1.8555577,11.657,177.9848
Kepler-41 b,Transit,2011,Kepler,1.8555588,9.55,156.69019
Kepler-41 b,Transit,2011,Kepler,1.855558,9.98,174.8
Kepler-41 b,Transit,2011,Kepler,1.8555582,14.46,177.98
Kepler-41 b,Transit,2011,Kepler,1.8555582,14.46,179.89178
Kepler-411 b,Transit,2013,Kepler,3.005156,2.401,25.6
Kepler-411 c,Transit,2016,Kepler,7.834435,4.421,26.4
Kepler-411 d,Transit,2018,Kepler,58.02035,3.319,15.2
Kepler-412 b,Transit,2014,Kepler,1.72086123,14.852,298.43
Kepler-412 b,Transit,2014,Kepler,1.7208604,15.031,299.07803
Kepler-412 b,Transit,2014,Kepler,1.7208612,14.852,294.62841
Kepler-413 b,Transit,2014,Kepler,66.262,4.347,67
Kepler-414 b,Transit Timing Variations,2014,Kepler,4.7,1.71,3.5
Kepler-414 c,Transit Timing Variations,2014,Kepler,7.171,3.01,29.9
Kepler-415 b,Transit Timing Variations,2014,Kepler,4.176,1.21,119.9
Kepler-416 b,Transit Timing Variations,2014,Kepler,6.319,2.48,58.2
Kepler-417 b,Transit Timing Variations,2014,Kepler,12.331,2.31,11
Kepler-418 b,Transit,2014,Kepler,86.67856,13.45,349.6
Kepler-418 b,Transit,2014,Kepler,86.679,13.451,349.613
Kepler-419 b,Transit,2014,Kepler,69.7547,10.761,820.0014
Kepler-419 b,Transit,2014,Kepler,69.7546,10.8,794.5
Kepler-422 b,Transit,2014,Kepler,7.8914483,12.89,136.66
Kepler-422 b,Transit,2014,Kepler,7.8914483,12.89,155.7367
Kepler-423 b,Transit,2014,Kepler,2.68432848,13.45,228.83
Kepler-423 b,Transit,2014,Kepler,2.6843285,13.361,192.60498
Kepler-423 b,Transit,2014,Kepler,2.6843285,13.361,189.101
Kepler-424 b,Transit,2014,Kepler,3.3118644,9.976,341.98508
Kepler-424 b,Transit,2014,Kepler,3.3118644,9.98,327.35
Kepler-425 b,Transit,2014,Kepler,3.79701816,10.962,71.82958
Kepler-425 b,Transit,2014,Kepler,3.79701816,10.962,79.45
Kepler-426 b,Transit,2014,Kepler,3.21751883,12.218,107.10871
Kepler-426 b,Transit,2014,Kepler,3.21751883,12.22,108.06
Kepler-427 b,Transit,2014,Kepler,10.290994,13.79,92.17
Kepler-427 b,Transit,2014,Kepler,10.290994,13.787,92.80636
Kepler-428 b,Transit,2014,Kepler,3.52563254,12.106,406.8224
Kepler-428 b,Transit,2014,Kepler,3.52563254,12.11,403.63
Kepler-43 b,Transit,2011,Kepler,3.0240922,12.55,962.98
Kepler-43 b,Transit,2011,Kepler,3.02409309,13,994.77
Kepler-43 b,Transit,2011,Kepler,3.02409309,13.002,997.9862
Kepler-43 b,Transit,2011,Kepler,3.0240949,13.664,1026.5909
Kepler-43 b,Transit,2011,Kepler,3.0240933,12.498,982.0947
Kepler-43 b,Transit,2011,Kepler,3.024095,13.45,1026.55
Kepler-432 b,Transit,2015,Kepler,52.50097,12.554,1547.77
Kepler-432 b,Transit,2015,Kepler,52.501129,12.834,1719.4603
Kepler-432 b,Transit,2015,Kepler,52.50113,12.834,182.75225
Kepler-433 b,Transit,2015,Kepler,5.3340838,16.253,893.1023
Kepler-433 b,Transit,2015,Kepler,5.33408384,16.25,896.24
Kepler-434 b,Transit,2015,Kepler,12.8747099,12.67,908.96
Kepler-434 b,Transit,2015,Kepler,12.8747099,12.666,947.1334
Kepler-435 b,Transit,2015,Kepler,8.6001536,22.306,270.1555
Kepler-435 b,Transit,2015,Kepler,8.6001536,22.31,266.97
Kepler-44 b,Transit,2011,Kepler,3.2467293,12.22,317.82
Kepler-44 b,Transit,2011,Kepler,3.24674,13.9,324.17
Kepler-44 b,Transit,2011,Kepler,3.246722,13.451,327.3649
Kepler-44 b,Transit,2011,Kepler,3.2467293,12.218,311.79123
Kepler-444 d,Transit,2015,Kepler,6.189,0.5,0.2
Kepler-444 e,Transit,2015,Kepler,7.743,0.5,0.1
Kepler-447 b,Transit,2015,Kepler,7.79430132,18.49,435.41
Kepler-45 b,Transit,2011,Kepler,2.45524122,11.198,158.915
Kepler-45 b,Transit,2011,Kepler,2.4552339,10.761,153.82972
Kepler-45 b,Transit,2011,Kepler,2.455239,10.76,160.497
Kepler-453 b,Transit,2015,Kepler,240.503,6.204,16
Kepler-454 b,Transit,2015,Kepler,10.57375339,2.37,6.84
Kepler-454 b,Transit,2015,Kepler,10.57,2.354,6.3566
Kepler-46 b,Transit,2012,Kepler,33.60134,9.057,1907
Kepler-46 b,Transit,2012,Kepler,33.648,9.079,281.27955
Kepler-47 b,Transit,2012,Kepler,49.4643,3.05,2.07
Kepler-47 b,Transit,2012,Kepler,49.532,3.03,636
Kepler-47 c,Transit,2012,Kepler,303.137,4.62,8899
Kepler-47 c,Transit,2012,Kepler,303.227,4.65,3.17
Kepler-47 d,Transit,2019,Kepler,187.366,7.04,19.02
Kepler-48 b,Transit,2012,Kepler,4.778,1.88,3.94
Kepler-48 b,Transit,2012,Kepler,4.778,2.05,14.3
Kepler-48 b,Transit,2012,Kepler,4.7779803,2.14,1887.83
Kepler-48 c,Transit,2012,Kepler,9.6739283,3.14,3689.85
Kepler-48 c,Transit,2012,Kepler,9.674,3.01,9.8
Kepler-48 c,Transit,2012,Kepler,9.67395,2.71,14.61
Kepler-48 d,Transit,2014,Kepler,42.8961,2.04,7.93
Kepler-49 b,Transit,2012,Kepler,7.204,2.3,8
Kepler-49 b,Transit,2012,Kepler,7.204,2.04,8.6
Kepler-49 b,Transit,2012,Kepler,7.2037945,2.72,311.46
Kepler-49 c,Transit,2012,Kepler,10.913,2.99,8.3
Kepler-49 c,Transit,2012,Kepler,10.913,2.8,5.9
Kepler-49 c,Transit,2012,Kepler,10.9129343,2.55,228.83
Kepler-5 b,Transit,2009,Kepler,3.54846,16.04,671.864
Kepler-5 b,Transit,2009,Kepler,3.548469,13.563,648.3732
Kepler-5 b,Transit,2009,Kepler,3.5484657,15.984,670.93913
Kepler-5 b,Transit,2009,Kepler,3.5484625,16.04,675.70658
Kepler-51 b,Transit,2012,Kepler,45.155,8.6,2.3
Kepler-51 b,Transit,2012,Kepler,45.154,7.1,2.1
Kepler-51 c,Transit,2012,Kepler,85.316,6.4,3.9
Kepler-51 c,Transit,2012,Kepler,85.313,9.31,9.7
Kepler-51 c,Transit,2012,Kepler,85.312,9,4
Kepler-51 d,Transit,2014,Kepler,130.18,11.8,6.2
Kepler-51 d,Transit,2014,Kepler,130.194,9.7,7.6
Kepler-52 b,Transit,2012,Kepler,7.877,2.52,79.6
Kepler-52 b,Transit,2012,Kepler,7.8773565,2.1,2765
Kepler-52 c,Transit,2012,Kepler,16.385,2.2,62.9
Kepler-52 c,Transit,2012,Kepler,16.3850021,1.84,3308.41
Kepler-53 b,Transit,2012,Kepler,18.649,2.84,103.1
Kepler-53 b,Transit,2012,Kepler,18.6489525,2.89,5851
Kepler-53 c,Transit,2012,Kepler,38.5583038,3.17,5002.43
Kepler-53 c,Transit,2012,Kepler,38.558,3.12,35.5
Kepler-538 b,Transit,2016,Kepler,81.73778,2.215,10.6
Kepler-539 b,Transit,2016,Kepler,125.63243,8.373,308.2951
Kepler-54 b,Transit,2012,Kepler,8.0109434,2.1,292.39
Kepler-54 b,Transit,2012,Kepler,8.011,2.19,21.5
Kepler-54 c,Transit,2012,Kepler,12.0717249,1.23,117.59
Kepler-54 c,Transit,2012,Kepler,12.072,1.32,19.8
Kepler-549 b,Transit,2016,Kepler,42.95,3.1,11
Kepler-55 b,Transit,2012,Kepler,27.9481449,2.43,473.55
Kepler-55 b,Transit,2012,Kepler,27.95,2.58,43
Kepler-55 c,Transit,2012,Kepler,42.126,2.35,69.8
Kepler-55 c,Transit,2012,Kepler,42.1516418,2.21,352.78
Kepler-56 b,Transit,2012,Kepler,10.501,6.51,236.2
Kepler-56 b,Transit,2012,Kepler,10.501,5.1,32
Kepler-56 b,Transit,2012,Kepler,10.5016,6.51,22.1
Kepler-56 c,Transit,2012,Kepler,21.405,9.8,286.8
Kepler-56 c,Transit,2012,Kepler,21.405,10.6,137.6
Kepler-56 c,Transit,2012,Kepler,21.40239,9.8,181
Kepler-57 b,Transit,2012,Kepler,5.7293196,2.19,5994.02
Kepler-57 b,Transit,2012,Kepler,5.729,2.37,118.1
Kepler-57 c,Transit,2012,Kepler,11.609,1.68,7.4
Kepler-57 c,Transit,2012,Kepler,11.6092567,1.55,2208.83
Kepler-58 b,Transit,2012,Kepler,10.219,2.66,34.9
Kepler-58 b,Transit,2012,Kepler,10.2184954,2.78,441.77
Kepler-58 c,Transit,2012,Kepler,15.5741568,2.86,696.02
Kepler-59 b,Transit,2012,Kepler,11.8681707,1.1,651.52
Kepler-59 c,Transit,2012,Kepler,17.9801235,1.98,435.41
Kepler-6 b,Transit,2009,Kepler,3.2346996,14.617,212.31044
Kepler-6 b,Transit,2009,Kepler,3.2346994,13.103,205.63601
Kepler-6 b,Transit,2009,Kepler,3.234702,13.103,201.18639
Kepler-6 b,Transit,2009,Kepler,3.234723,14.83,212.619
Kepler-60 b,Transit,2012,Kepler,7.1334,1.71,4.19
Kepler-60 b,Transit,2012,Kepler,7.1316185,2.28,79.45
Kepler-60 b,Transit,2012,Kepler,7.133,1.6,3.7
Kepler-60 b,Transit,2012,Kepler,7.131,2.2,23.1
Kepler-60 c,Transit,2012,Kepler,8.9193459,2.47,177.98
Kepler-60 c,Transit,2012,Kepler,8.922,2.38,17.2
Kepler-60 c,Transit,2012,Kepler,8.919,1.8,2
Kepler-60 c,Transit,2012,Kepler,8.9187,1.9,3.85
Kepler-60 d,Transit,2012,Kepler,11.8981,1.99,4.16
Kepler-60 d,Transit,2012,Kepler,11.899,1.6,3.9
Kepler-60 d,Transit,2012,Kepler,11.9016171,2.55,216.12
Kepler-62 b,Transit,2013,Kepler,5.714932,1.31,9
Kepler-62 c,Transit,2013,Kepler,12.4417,0.54,4
Kepler-62 d,Transit,2013,Kepler,18.16406,1.95,14
Kepler-62 e,Transit,2013,Kepler,122.3874,1.61,36
Kepler-62 f,Transit,2013,Kepler,267.291,1.41,35
Kepler-63 b,Transit,2013,Kepler,9.4341505,6.11,120
Kepler-65 b,Transit,2012,Kepler,2.1549209,1.444,2.4
Kepler-65 c,Transit,2012,Kepler,5.859697,2.623,5.4
Kepler-65 c,Transit,2012,Kepler,5.86,2.61,26.6
Kepler-65 d,Transit,2012,Kepler,8.13167,1.587,4.14
Kepler-68 b,Transit,2013,Kepler,5.39876,2.354,6.3566
Kepler-68 b,Transit,2013,Kepler,5.398763,2.31,8.3
Kepler-68 b,Transit,2013,Kepler,5.39875,2.33,5.97
Kepler-68 c,Transit,2013,Kepler,9.605085,0.953,4.8
Kepler-68 c,Transit,2013,Kepler,9.60504,1,7.2
Kepler-7 b,Transit,2009,Kepler,4.885525,16.567,137.615
Kepler-7 b,Transit,2009,Kepler,4.8854948,17.957,135.07775
Kepler-7 b,Transit,2009,Kepler,4.8854886,18.484,142.70567
Kepler-7 b,Transit,2009,Kepler,4.8854892,18.181,140.16303
Kepler-7 b,Transit,2009,Kepler,4.8854922,18.484,143.97699
Kepler-74 b,Transit,2013,Kepler,7.340718,14.8,216.12
Kepler-74 b,Transit,2013,Kepler,7.340711,10.76,200.22
Kepler-74 b,Transit,2013,Kepler,7.340711,10.761,191.96932
Kepler-75 b,Transit,2013,Kepler,8.884924,11.55,3146.4
Kepler-75 b,Transit,2013,Kepler,8.8849116,11.77,3209.9
Kepler-75 b,Transit,2013,Kepler,8.8849116,11.769,3210.083
Kepler-76 b,Orbital Brightness Modulation,2013,Kepler,1.5449298,15.244,638.8383
Kepler-76 b,Orbital Brightness Modulation,2013,Kepler,1.54492875,14.01,635.63
Kepler-76 b,Orbital Brightness Modulation,2013,Kepler,1.5449287,14.011,635.66
Kepler-77 b,Transit,2013,Kepler,3.57878087,10.761,165.90726
Kepler-77 b,Transit,2013,Kepler,3.5787806,10.76,225.65
Kepler-77 b,Transit,2013,Kepler,3.57878087,10.761,136.661
Kepler-78 b,Transit,2013,Kepler,0.35500744,1.121,3.1783
Kepler-78 b,Transit,2013,Kepler,0.35500744,1.16,8
Kepler-78 b,Transit,2013,Kepler,0.35500744,1.2,1.87
Kepler-78 b,Transit,2013,Kepler,0.355,1.173,1.86
Kepler-78 b,Transit,2013,Kepler,0.355,1.228,1.77
Kepler-78 b,Transit,2013,Kepler,0.35500744,1.2,1.69
Kepler-79 b,Transit,2012,Kepler,13.485,1.92,54.1
Kepler-79 b,Transit,2012,Kepler,13.4845,3.47,10.9
Kepler-79 c,Transit,2012,Kepler,27.4029,3.72,5.9
Kepler-79 c,Transit,2012,Kepler,27.402,2.05,13.7
Kepler-79 d,Transit,2014,Kepler,52.0902,7.16,6
Kepler-79 e,Transit,2014,Kepler,81.064,2.9,3.4
Kepler-79 e,Transit,2014,Kepler,81.0659,3.49,4.1
Kepler-8 b,Transit,2010,Kepler,3.52254,15.906,191.643
Kepler-8 b,Transit,2010,Kepler,3.52249905,15.906,177.9848
Kepler-8 b,Transit,2010,Kepler,3.5224991,15.872,187.5197
Kepler-8 b,Transit,2010,Kepler,3.5225047,15.48,187.5197
Kepler-80 b,Transit,2012,Kepler,7.05246,2.67,6.93
Kepler-80 c,Transit,2012,Kepler,9.52355,2.74,6.74
Kepler-80 d,Transit,2014,Kepler,3.07222,1.53,6.75
Kepler-80 d,Transit,2014,Kepler,3.072,1.3,3.7
Kepler-80 e,Transit,2014,Kepler,4.645,1.3,2.1
Kepler-80 e,Transit,2014,Kepler,4.64489,1.6,4.13
Kepler-81 b,Transit,2012,Kepler,5.955,2.8,17.2
Kepler-81 c,Transit,2012,Kepler,12.04,2.7,4.3
Kepler-82 b,Transit,2012,Kepler,26.44,4.07,12.15
Kepler-82 b,Transit,2012,Kepler,26.444,3.95,51
Kepler-82 c,Transit,2012,Kepler,51.535,5.28,18.4
Kepler-82 c,Transit,2012,Kepler,51.54,5.34,13.9
Kepler-83 b,Transit,2012,Kepler,9.771,2.71,42.1
Kepler-83 c,Transit,2012,Kepler,20.09,2.33,11.4
Kepler-83 d,Transit,2014,Kepler,5.17,2.13,24.6
Kepler-84 b,Transit,2012,Kepler,8.726,1.95,40
Kepler-84 c,Transit,2012,Kepler,12.883,2.06,20.2
Kepler-85 c,Transit,2012,Kepler,12.513,2.14,20.9
Kepler-85 e,Transit,2014,Kepler,25.215,1.2,0.6
Kepler-87 b,Transit,2013,Kepler,114.73635,13.49,324.2
Kepler-87 c,Transit,2013,Kepler,191.2318,6.14,6.4
Kepler-9 b,Transit,2010,Kepler,19.23891,8.29,43.4
Kepler-9 b,Transit,2010,Kepler,19.243,8.2,43.5
Kepler-9 b,Transit,2010,Kepler,19.2259,7.74,43.98767
Kepler-9 b,Transit,2010,Kepler,19.238,8.85,2175
Kepler-9 b,Transit,2010,Kepler,19.24,9.438,80.09
Kepler-9 c,Transit,2010,Kepler,38.9853,8.08,29.9
Kepler-9 c,Transit,2010,Kepler,38.91,9.225,54.347
Kepler-9 c,Transit,2010,Kepler,38.969,8.3,29.9
Kepler-9 c,Transit,2010,Kepler,38.988,8.65,509.7
Kepler-91 b,Transit,2013,Kepler,6.24658,15.323,257.4423
Kepler-91 b,Transit,2013,Kepler,6.24658,15.513,279.68
Kepler-91 b,Transit,2013,Kepler,6.24668005,15.69,209.76
Kepler-91 b,Transit,2013,Kepler,6.246696,14.572,241.54
Kepler-92 b,Transit,2013,Kepler,13.749,3.51,64.3
Kepler-92 c,Transit,2013,Kepler,26.723,2.6,6.1
Kepler-93 b,Transit,2014,Kepler,4.72673978,1.478,3.8
Kepler-93 b,Transit,2014,Kepler,4.72674,1.569,3.1783
Kepler-93 b,Transit,2014,Kepler,4.72674,1.5,2.59
Kepler-93 b,Transit,2014,Kepler,4.72673978,1.478,4.02
Kepler-94 b,Transit,2014,Kepler,2.50806,3.51,10.84
Kepler-95 b,Transit,2014,Kepler,11.5231,3.42,13
Kepler-96 b,Transit,2014,Kepler,16.2385,2.67,8.46
Kepler-97 b,Transit,2014,Kepler,2.58664,1.48,3.51
Kepler-98 b,Transit,2014,Kepler,1.54168,1.99,3.55
Kepler-99 b,Transit,2014,Kepler,4.60358,1.48,6.15
PH1 b,Transit,2012,Kepler,138.317,6.18,169
PH2 b,Transit,2013,Kepler,282.525,10.088,25426.4
BD+20 594 b,Transit,2016,K2,41.6855,2.578,22.2481
BD+20 594 b,Transit,2016,K2,41.6855,2.23,16.3
EPIC 211945201 b,Transit,2018,K2,19.49213,6.12,27
EPIC 220674823 b,Transit,2016,K2,0.571336,1.82,9
EPIC 220674823 b,Transit,2016,K2,0.571,1.712,7.72
EPIC 220674823 b,Transit,2016,K2,0.571292,1.52,8.36
EPIC 220674823 c,Transit,2016,K2,13.3397,2.5,5.8
EPIC 220674823 c,Transit,2016,K2,13.3387,2.77,5.7
EPIC 246851721 b,Transit,2018,K2,6.180235,11.781,953.49
EPIC 248847494 b,Transit,2018,K2,3650,12.442,4131.79
EPIC 249893012 b,Transit,2020,K2,3.5951,1.95,8.75
EPIC 249893012 c,Transit,2020,K2,15.624,3.67,14.67
EPIC 249893012 d,Transit,2020,K2,35.747,3.94,10.18
GJ 9827 b,Transit,2017,K2,1.2089819,1.577,4.91
GJ 9827 b,Transit,2017,K2,1.2089802,1.62,3.42
GJ 9827 b,Transit,2017,K2,1.209,1.571,4.89
GJ 9827 c,Transit,2017,K2,3.648083,1.269,2.42
GJ 9827 c,Transit,2017,K2,3.6480957,1.241,0.84
GJ 9827 d,Transit,2017,K2,6.2014698,2.022,4.04
GJ 9827 d,Transit,2017,K2,6.201467,2.07,5.2
HD 106315 b,Transit,2017,K2,9.55237,2.44,12.6
HD 106315 c,Transit,2017,K2,21.05704,4.35,15.2
HD 3167 b,Transit,2016,K2,0.96,1.626,5.59
HD 3167 b,Transit,2016,K2,0.959641,1.7,5.02
HD 3167 c,Transit,2016,K2,29.8454,3.01,9.8
HD 80653 b,Transit,2020,K2,0.719573,1.613,5.6
HD 89345 b,Transit,2018,K2,11.81399,6.86,35.7
HD 89345 b,Transit,2018,K2,11.8143,7.398,34.9613
HD 89345 b,Transit,2018,K2,11.8143,7.263,38.45743
HIP 116454 b,Transit,2014,K2,9.1205,2.466,12.7132
HIP 116454 b,Transit,2014,K2,9.1205,2.53,11.82
K2-10 b,Transit,2015,K2,19.3044,3.84,27
K2-105 b,Transit,2017,K2,8.266902,3.59,30
K2-107 b,Transit,2017,K2,3.31392,16.141,266.9772
K2-108 b,Transit,2017,K2,4.73401,5.28,59.4
K2-110 b,Transit,2017,K2,13.86375,2.592,16.7
K2-111 b,Transit,2017,K2,5.35117,1.9,8.6
K2-113 b,Transit,2017,K2,5.817608,10.424,410.0007
K2-114 b,Transit,2017,K2,11.39109,10.559,587.9855
K2-115 b,Transit,2017,K2,20.273034,12.498,266.9772
K2-131 b,Transit,2017,K2,0.369,1.651,6.3
K2-131 b,Transit,2017,K2,0.3693038,1.81,6.5
K2-132 b,Transit,2017,K2,9.1708,12.207,157.32585
K2-132 b,Transit,2017,K2,9.1751,14.572,155.7367
K2-137 b,Transit,2017,K2,0.179715,0.89,158.915
K2-139 b,Transit,2017,K2,28.38236,9.057,123.00021
K2-140 b,Transit,2017,K2,6.5693,12.274,323.86877
K2-141 b,Transit,2018,K2,0.2803226,1.54,5.31
K2-141 b,Transit,2018,K2,0.2803244,1.51,5.08
K2-141 b,Transit,2018,K2,0.28,1.493,5.16
K2-141 c,Transit,2018,K2,7.7485,7,7.4
K2-146 b,Transit,2018,K2,2.6446,2.05,5.77
K2-146 c,Transit,2019,K2,4.00498,2.19,7.49
K2-18 b,Transit,2015,K2,32.939623,2.37,8.92
K2-18 b,Transit,2015,K2,32.940045,2.61,8.63
K2-18 b,Transit,2015,K2,32.93963,2.38,7.96
K2-19 b,Transit,2015,K2,7.921101,7.46,44
K2-19 b,Transit,2015,K2,7.9194,7.74,28.5
K2-19 c,Transit,2015,K2,11.90727,4.51,15.9
K2-19 c,Transit,2015,K2,11.90715,4.86,25.6
K2-19 d,Transit,2016,K2,2.50856,1.14,14
K2-216 b,Transit,2018,K2,2.1748,1.75,8
K2-22 b,Transit,2015,K2,0.381078,2.5,444.962
K2-229 b,Transit,2018,K2,0.584249,1.164,2.59
K2-229 b,Transit,2018,K2,0.584,1.197,2.49
K2-229 c,Transit,2018,K2,8.32834,2.12,21.3
K2-232 b,Transit,2018,K2,11.168459,11.859,123.00021
K2-232 b,Transit,2018,K2,11.168454,11.209,126.49634
K2-237 b,Transit,2018,K2,2.1805577,18.405,392.83788
K2-237 b,Transit,2018,K2,2.18056,18.495,508.528
K2-238 b,Transit,2018,K2,3.20466,14.572,273.3338
K2-24 b,Transit,2016,K2,20.88977,5.4,19
K2-24 b,Transit,2016,K2,20.8851,5.68,19.8
K2-24 b,Transit,2016,K2,20.8851,5.68,21
K2-24 c,Transit,2016,K2,42.3633,7.82,27
K2-24 c,Transit,2016,K2,42.3391,7.5,15.4
K2-24 c,Transit,2016,K2,42.3633,7.82,26
K2-260 b,Transit,2018,K2,2.6266657,17.396,451.3186
K2-261 b,Transit,2018,K2,11.63344,9.528,70.87609
K2-263 b,Transit,2018,K2,50.818947,2.41,14.8
K2-265 b,Transit,2018,K2,2.369172,1.71,6.54
K2-266 b,Transit,2018,K2,0.658524,3.3,11.26782
K2-266 c,Transit,2018,K2,7.814,0.705,0.29013
K2-266 d,Transit,2018,K2,14.697,2.93,8.9
K2-266 e,Transit,2018,K2,19.482,2.73,14.3
K2-27 b,Transit,2016,K2,6.771315,4.48,30.9
K2-27 b,Transit,2016,K2,6.77145,4.45,29.1
K2-285 b,Transit,2018,K2,3.471745,2.59,9.68
K2-285 c,Transit,2018,K2,7.138048,3.53,15.68
K2-285 d,Transit,2018,K2,10.45582,2.48,6.5
K2-285 e,Transit,2018,K2,14.76289,1.95,10.7
K2-287 b,Transit,2018,K2,14.893291,9.494,100.11645
K2-29 b,Transit,2016,K2,3.2588321,13.339,232.0159
K2-29 b,Transit,2016,K2,3.2589263,11.209,194.82979
K2-290 b,Transit,2019,K2,9.21165,3.06,10.9
K2-290 c,Transit,2019,K2,48.36685,11.276,246.00042
K2-291 b,Transit,2019,K2,2.225177,1.589,6.49
K2-291 b,Transit,2019,K2,2.225,1.582,6.4
K2-292 b,Transit,2019,K2,16.9841,2.63,24.5
K2-295 b,Transit,2018,K2,4.024867,10.054,106.47305
K2-3 b,Transit,2015,K2,10.05454,2.29,6.6
K2-3 b,Transit,2015,K2,10.05429,2.078,8.4
K2-3 b,Transit,2015,K2,10.05403,2.14,8.1
K2-3 c,Transit,2015,K2,24.64638,1.77,3.1
K2-3 c,Transit,2015,K2,24.6454,1.72,4.2
K2-3 c,Transit,2015,K2,24.6491,1.644,2.1
K2-3 d,Transit,2015,K2,44.55764,1.65,1.8
K2-3 d,Transit,2015,K2,44.5705,1.53,11.1
K2-3 d,Transit,2015,K2,44.5631,1.52,7.5
K2-30 b,Transit,2016,K2,4.09849,11.982,187.20187
K2-30 b,Transit,2016,K2,4.098507,13.406,198.00809
K2-30 b,Transit,2016,K2,4.098503,11.646,184.02357
K2-31 b,Transit,2016,K2,1.25785,11.882,563.83042
K2-32 b,Transit,2016,K2,8.99213,5.13,16.5
K2-32 b,Transit,2016,K2,8.99218,5.38,21.1
K2-32 c,Transit,2016,K2,20.6602,3.01,12.1
K2-32 c,Transit,2016,K2,20.65614,3.48,8.1
K2-32 d,Transit,2016,K2,31.71922,3.75,35
K2-32 d,Transit,2016,K2,31.7154,3.43,10.3
K2-33 b,Transit,2016,K2,5.424865,5.04,1175.971
K2-33 b,Transit,2016,K2,5.42513,5.76,1144.188
K2-34 b,Transit,2016,K2,2.99561,11.994,352.7913
K2-34 b,Transit,2016,K2,2.995629,15.435,539.67534
K2-34 b,Transit,2016,K2,2.995654,16.141,563.51259
K2-34 b,Transit,2016,K2,2.995607,15.132,559.3808
K2-36 b,Transit,2016,K2,1.422614,1.43,3.9
K2-36 c,Transit,2016,K2,5.340888,3.2,7.8
K2-38 b,Transit,2016,K2,4.01593,1.55,12
K2-38 b,Transit,2016,K2,4.01593,1.906,19.0698
K2-38 c,Transit,2016,K2,10.56103,2.42,9.9
K2-39 b,Transit,2016,K2,4.60497,5.71,39.8
K2-39 b,Transit,2016,K2,4.60543,8.2,50.3
K2-39 b,Transit,2016,K2,4.60543,6.277,28.6047
K2-60 b,Transit,2016,K2,3.00265,7.656,135.39558
K2-66 b,Transit,2016,K2,5.06963,2.49,21.3
K2-77 b,Transit,2016,K2,8.199796,2.3,603.877
K2-97 b,Transit,2016,K2,8.4061,14.684,349.613
K2-97 b,Transit,2016,K2,8.4061,14.684,152.5584
K2-98 b,Transit,2016,K2,10.13675,4.3,32.2
K2-99 b,Transit,2016,K2,18.249,14.46,308.2951
WASP-47 d,Transit,2015,K2,9.03081,3.63,15.2
WASP-47 d,Transit,2015,K2,9.03077,3.576,13.1
WASP-47 d,Transit,2015,K2,9.03079,3.6,10.4
WASP-47 d,Transit,2015,K2,9.095,3.71,16.8
WASP-47 e,Transit,2015,K2,0.789592,1.81,6.83
WASP-47 e,Transit,2015,K2,0.789593,1.817,12.2
WASP-47 e,Transit,2015,K2,0.789597,1.829,22
WASP-47 e,Transit,2015,K2,0.79,1.773,6.91
WASP-47 e,Transit,2015,K2,0.789636,1.82,9.1
WASP-85 A b,Transit,2016,K2,2.6556777,13.899,402.05495
